Time Stamp,ID,Extended,Dir,Bus,LEN,D1,D2,D3,D4,D5,D6,D7,D8
1000000,0000012D,FALSE,Tx,0,8,A0,28,02,A0,0C,71,CF,49
1047453,00000441,FALSE,Tx,0,8,98,3A,88,13,07,00,FF,8C
1050040,0000012D,FALSE,Tx,0,8,A0,28,02,A0,0C,71,DF,39
1100991,0000012D,FALSE,Tx,0,8,A0,28,02,A0,0C,71,EF,29
1147652,00000441,FALSE,Tx,0,8,98,3A,88,13,07,00,FF,8C
1151016,0000012D,FALSE,Tx,0,8,A0,28,02,A0,0C,71,FF,19
1201023,0000012D,FALSE,Tx,0,8,A0,28,02,A0,0C,71,0F,09
1247426,00000441,FALSE,Tx,0,8,98,3A,88,13,B8,00,FF,DB
1252230,0000012D,FALSE,Tx,0,8,A0,28,02,A0,0C,71,1F,F9
1303125,0000012D,FALSE,Tx,0,8,A0,28,02,A0,0C,71,2F,E9
1347435,00000441,FALSE,Tx,0,8,98,3A,88,13,2A,01,FF,68
1353414,0000012D,FALSE,Tx,0,8,A0,28,02,A0,0C,71,3F,D9
1403149,0000012D,FALSE,Tx,0,8,A0,28,02,A0,0C,71,4F,C9
1447411,00000441,FALSE,Tx,0,8,98,3A,88,13,62,01,FF,30
1453420,0000012D,FALSE,Tx,0,8,A0,28,02,A0,0C,71,5F,B9
1503194,0000012D,FALSE,Tx,0,8,A0,28,02,A0,0C,71,6F,A9
1547445,00000441,FALSE,Tx,0,8,98,3A,88,13,7F,01,FF,13
1553418,0000012D,FALSE,Tx,0,8,A0,28,02,A0,0C,71,7F,99
1605219,0000012D,FALSE,Tx,0,8,A0,28,02,A0,0C,71,8F,89
1647438,00000441,FALSE,Tx,0,8,98,3A,88,13,8D,01,FF,05
1655189,0000012D,FALSE,Tx,0,8,A0,28,02,A0,0C,71,9F,79
1705199,0000012D,FALSE,Tx,0,8,A0,28,02,A0,0C,71,AF,69
1747437,00000441,FALSE,Tx,0,8,98,3A,88,13,95,01,FF,FD
1755225,0000012D,FALSE,Tx,0,8,A0,28,02,A0,0C,71,BF,59
1805376,0000012D,FALSE,Tx,0,8,A0,28,02,A0,0C,71,CF,49
1847444,00000441,FALSE,Tx,0,8,98,3A,88,13,9E,01,FF,F4
1856473,0000012D,FALSE,Tx,0,8,A0,28,02,A0,0C,71,DF,39
1909266,0000012D,FALSE,Tx,0,8,A0,28,02,A0,0C,71,EF,29
1947426,00000441,FALSE,Tx,0,8,98,3A,88,13,9E,01,FF,F4
1959287,0000012D,FALSE,Tx,0,8,A0,28,02,A0,0C,71,FF,19
2009397,0000012D,FALSE,Tx,0,8,A0,28,02,A0,0C,71,0F,09
2047421,00000441,FALSE,Tx,0,8,98,3A,88,13,9E,01,FF,F4
2059333,0000012D,FALSE,Tx,0,8,A0,28,02,A0,0C,71,1F,F9
2109339,0000012D,FALSE,Tx,0,8,A0,28,02,A0,0C,71,2F,E9
2147399,00000441,FALSE,Tx,0,8,98,3A,88,13,9E,01,FF,F4
2159362,0000012D,FALSE,Tx,0,8,A0,28,00,22,0C,31,3F,99
2209384,0000012D,FALSE,Tx,0,8,A0,28,00,22,0C,31,4F,89
2250970,0000012D,FALSE,Tx,0,8,A0,28,00,22,0C,31,5F,79
2258285,00000441,FALSE,Tx,0,8,98,3A,88,13,9D,01,FF,F5
2301957,0000012D,FALSE,Tx,0,8,A0,28,00,22,0C,31,6F,69
2351968,0000012D,FALSE,Tx,0,8,A0,28,00,22,0C,31,7F,59
2358270,00000441,FALSE,Tx,0,8,98,3A,88,13,9D,01,FF,F5
2403153,0000012D,FALSE,Tx,0,8,A0,28,00,22,0C,31,8F,49
2454317,0000012D,FALSE,Tx,0,8,A0,28,00,22,0C,31,9F,39
2458292,00000441,FALSE,Tx,0,8,98,3A,88,13,9D,01,FF,F5
2506017,0000012D,FALSE,Tx,0,8,A0,28,00,22,0C,31,AF,29
2556042,0000012D,FALSE,Tx,0,8,A0,28,00,22,0C,31,BF,19
2558299,00000441,FALSE,Tx,0,8,98,3A,88,13,9D,01,FF,F5
2609061,0000012D,FALSE,Tx,0,8,A0,28,00,22,0C,31,CF,09
2658284,00000441,FALSE,Tx,0,8,98,3A,88,13,9D,01,FF,F5
2659093,0000012D,FALSE,Tx,0,8,A0,28,00,22,0C,31,DF,F9
2709114,0000012D,FALSE,Tx,0,8,A0,28,00,22,0C,31,EF,E9
2758249,00000441,FALSE,Tx,0,8,98,3A,88,13,9D,01,FF,F5
2760111,0000012D,FALSE,Tx,0,8,A0,28,00,22,0C,31,FF,D9
2810126,0000012D,FALSE,Tx,0,8,A0,28,00,22,0C,31,0F,C9
2858486,00000441,FALSE,Tx,0,8,98,3A,88,13,9D,01,FF,F5
2861242,0000012D,FALSE,Tx,0,8,A0,28,00,22,0C,31,1F,B9
2911212,0000012D,FALSE,Tx,0,8,A0,28,00,22,0C,31,2F,A9
2958450,00000441,FALSE,Tx,0,8,98,3A,88,13,9D,01,FF,F5
2962341,0000012D,FALSE,Tx,0,8,A0,28,00,22,0C,31,3F,99
3012209,0000012D,FALSE,Tx,0,8,A0,28,00,22,0C,31,4F,89
3058277,00000441,FALSE,Tx,0,8,98,3A,88,13,9D,01,FF,F5
3062359,0000012D,FALSE,Tx,0,8,A0,28,00,22,0C,31,5F,79
3112241,0000012D,FALSE,Tx,0,8,A0,28,00,22,0C,31,6F,69
3158284,00000441,FALSE,Tx,0,8,98,3A,88,13,9D,01,FF,F5
3162388,0000012D,FALSE,Tx,0,8,A0,28,00,22,0C,31,7F,59
3212284,0000012D,FALSE,Tx,0,8,A0,28,00,22,0C,31,8F,49
3258239,00000441,FALSE,Tx,0,8,98,3A,88,13,9D,01,FF,F5
3263389,0000012D,FALSE,Tx,0,8,A0,28,00,22,0C,31,9F,39
3313529,0000012D,FALSE,Tx,0,8,A0,28,00,22,0C,31,AF,29
3358264,00000441,FALSE,Tx,0,8,98,3A,88,13,9D,01,FF,F5
3364551,0000012D,FALSE,Tx,0,8,A0,28,00,22,0C,31,BF,19
3414401,0000012D,FALSE,Tx,0,8,A0,28,00,22,0C,31,CF,09
3458239,00000441,FALSE,Tx,0,8,98,3A,88,13,9D,01,FF,F5
3467422,0000012D,FALSE,Tx,0,8,A0,28,00,22,0C,31,DF,F9
3517386,0000012D,FALSE,Tx,0,8,A0,28,00,22,0C,31,EF,E9
3558274,00000441,FALSE,Tx,0,8,98,3A,88,13,9D,01,FF,F5
3567463,0000012D,FALSE,Tx,0,8,A0,28,00,22,0C,31,FF,D9
3617505,0000012D,FALSE,Tx,0,8,A0,28,00,22,0C,31,0F,C9
3658245,00000441,FALSE,Tx,0,8,98,3A,88,13,9D,01,FF,F5
3667493,0000012D,FALSE,Tx,0,8,A0,28,00,22,0C,31,1F,B9
3719479,0000012D,FALSE,Tx,0,8,A0,28,00,22,0C,31,2F,A9
3758259,00000441,FALSE,Tx,0,8,98,3A,88,13,9D,01,FF,F5
3769612,0000012D,FALSE,Tx,0,8,A0,28,00,22,0C,31,3F,99
3819492,0000012D,FALSE,Tx,0,8,A0,28,00,22,0C,31,4F,89
3858230,00000441,FALSE,Tx,0,8,98,3A,88,13,9D,01,FF,F5
3869542,0000012D,FALSE,Tx,0,8,A0,28,00,22,0C,31,5F,79
3920506,0000012D,FALSE,Tx,0,8,A0,28,00,22,0C,31,6F,69
3958271,00000441,FALSE,Tx,0,8,98,3A,88,13,9D,01,FF,F5
3975558,0000012D,FALSE,Tx,0,8,A0,28,00,22,0C,31,7F,59
4026352,0000012D,FALSE,Tx,0,8,A0,28,00,22,0C,31,8F,49
4058263,00000441,FALSE,Tx,0,8,98,3A,88,13,9D,01,FF,F5
4076559,0000012D,FALSE,Tx,0,8,A0,28,00,22,0C,31,9F,39
4126840,0000012D,FALSE,Tx,0,8,A0,28,00,22,0C,31,AF,29
4158229,00000441,FALSE,Tx,0,8,98,3A,88,13,9D,01,FF,F5
4176603,0000012D,FALSE,Tx,0,8,A0,28,00,22,0C,31,BF,19
4226761,0000012D,FALSE,Tx,0,8,A0,28,00,22,0C,31,CF,09
4258272,00000441,FALSE,Tx,0,8,98,3A,88,13,9D,01,FF,F5
4277668,0000012D,FALSE,Tx,0,8,A0,28,00,22,0C,31,DF,F9
4327741,0000012D,FALSE,Tx,0,8,A0,28,00,22,0C,31,EF,E9
4358272,00000441,FALSE,Tx,0,8,98,3A,88,13,9D,01,FF,F5
4378827,0000012D,FALSE,Tx,0,8,A0,28,00,22,0C,31,FF,D9
4428823,0000012D,FALSE,Tx,0,8,A0,28,00,22,0C,31,0F,C9
4458240,00000441,FALSE,Tx,0,8,98,3A,88,13,9D,01,FF,F5
4480823,0000012D,FALSE,Tx,0,8,A0,28,00,22,0C,31,1F,B9
4530880,0000012D,FALSE,Tx,0,8,A0,28,00,22,0C,31,2F,A9
4558246,00000441,FALSE,Tx,0,8,98,3A,88,13,9D,01,FF,F5
4580752,0000012D,FALSE,Tx,0,8,A0,28,00,22,0C,31,3F,99
4630775,0000012D,FALSE,Tx,0,8,A0,28,00,22,0C,31,4F,89
4658258,00000441,FALSE,Tx,0,8,98,3A,88,13,9D,01,FF,F5
4680915,0000012D,FALSE,Tx,0,8,A0,28,00,22,0C,31,5F,79
4730817,0000012D,FALSE,Tx,0,8,A0,28,00,22,0C,31,6F,69
4758233,00000441,FALSE,Tx,0,8,98,3A,88,13,9D,01,FF,F5
4781845,0000012D,FALSE,Tx,0,8,A0,28,00,22,0C,31,7F,59
4832890,0000012D,FALSE,Tx,0,8,A0,28,00,22,0C,31,8F,49
4858242,00000441,FALSE,Tx,0,8,98,3A,88,13,9D,01,FF,F5
4883599,0000012D,FALSE,Tx,0,8,A0,28,00,22,0C,31,9F,39
4932954,0000012D,FALSE,Tx,0,8,A0,28,00,22,0C,31,AF,29
4958250,00000441,FALSE,Tx,0,8,98,3A,88,13,9D,01,FF,F5
4986121,0000012D,FALSE,Tx,0,8,A0,28,00,22,0C,31,BF,19
5035914,0000012D,FALSE,Tx,0,8,A0,28,00,22,0C,31,CF,09
5058229,00000441,FALSE,Tx,0,8,98,3A,88,13,9D,01,FF,F5
5085958,0000012D,FALSE,Tx,0,8,A0,28,00,22,0C,31,DF,F9
5136120,0000012D,FALSE,Tx,0,8,A0,28,00,22,0C,31,EF,E9
5158223,00000441,FALSE,Tx,0,8,98,3A,88,13,9D,01,FF,F5
5187012,0000012D,FALSE,Tx,0,8,A0,28,00,22,0C,31,FF,D9
5240141,0000012D,FALSE,Tx,0,8,A0,28,00,22,0C,31,0F,C9
5269558,00000441,FALSE,Tx,0,8,98,3A,88,13,9D,01,FF,F5
5292141,0000012D,FALSE,Tx,0,8,A0,28,00,22,0C,31,1F,B9
5342198,0000012D,FALSE,Tx,0,8,A0,28,00,22,0C,31,2F,A9
5369564,00000441,FALSE,Tx,0,8,98,3A,88,13,9D,01,FF,F5
5392070,0000012D,FALSE,Tx,0,8,A0,28,00,22,0C,31,3F,99
5442093,0000012D,FALSE,Tx,0,8,A0,28,00,22,0C,31,4F,89
5469576,00000441,FALSE,Tx,0,8,98,3A,88,13,9D,01,FF,F5
5492233,0000012D,FALSE,Tx,0,8,A0,28,00,22,0C,31,5F,79
5542135,0000012D,FALSE,Tx,0,8,A0,28,00,22,0C,31,6F,69
5569551,00000441,FALSE,Tx,0,8,98,3A,88,13,9D,01,FF,F5
5593163,0000012D,FALSE,Tx,0,8,A0,28,00,22,0C,31,7F,59
5644208,0000012D,FALSE,Tx,0,8,A0,28,00,22,0C,31,8F,49
5669560,00000441,FALSE,Tx,0,8,98,3A,88,13,9D,01,FF,F5
5694917,0000012D,FALSE,Tx,0,8,A0,28,00,22,0C,31,9F,39
5744272,0000012D,FALSE,Tx,0,8,A0,28,00,22,0C,31,AF,29
5769568,00000441,FALSE,Tx,0,8,98,3A,88,13,9D,01,FF,F5
5797439,0000012D,FALSE,Tx,0,8,A0,28,00,22,0C,31,BF,19
5847232,0000012D,FALSE,Tx,0,8,A0,28,00,22,0C,31,CF,09
5869547,00000441,FALSE,Tx,0,8,98,3A,88,13,9D,01,FF,F5
5897276,0000012D,FALSE,Tx,0,8,A0,28,00,22,0C,31,DF,F9
5947438,0000012D,FALSE,Tx,0,8,A0,28,00,22,0C,31,EF,E9
5969541,00000441,FALSE,Tx,0,8,98,3A,88,13,9D,01,FF,F5
5998330,0000012D,FALSE,Tx,0,8,A0,28,00,22,0C,31,FF,D9
6051459,0000012D,FALSE,Tx,0,8,A0,28,00,22,0C,31,0F,C9
6080876,00000441,FALSE,Tx,0,8,98,3A,88,13,9D,01,FF,F5
6103459,0000012D,FALSE,Tx,0,8,A0,28,00,22,0C,31,1F,B9
6153516,0000012D,FALSE,Tx,0,8,A0,28,00,22,0C,31,2F,A9
6180882,00000441,FALSE,Tx,0,8,98,3A,88,13,9D,01,FF,F5
6203388,0000012D,FALSE,Tx,0,8,A0,28,00,22,0C,31,3F,99
6253411,0000012D,FALSE,Tx,0,8,A0,28,00,22,0C,31,4F,89
6280894,00000441,FALSE,Tx,0,8,98,3A,88,13,9D,01,FF,F5
6303551,0000012D,FALSE,Tx,0,8,A0,28,00,22,0C,31,5F,79
6353453,0000012D,FALSE,Tx,0,8,A0,28,00,22,0C,31,6F,69
6380869,00000441,FALSE,Tx,0,8,98,3A,88,13,9D,01,FF,F5
6404481,0000012D,FALSE,Tx,0,8,A0,28,00,22,0C,31,7F,59
6455526,0000012D,FALSE,Tx,0,8,A0,28,00,22,0C,31,8F,49
6480878,00000441,FALSE,Tx,0,8,98,3A,88,13,9D,01,FF,F5
6506235,0000012D,FALSE,Tx,0,8,A0,28,00,22,0C,31,9F,39
6555590,0000012D,FALSE,Tx,0,8,A0,28,00,22,0C,31,AF,29
6580886,00000441,FALSE,Tx,0,8,98,3A,88,13,9D,01,FF,F5
6608757,0000012D,FALSE,Tx,0,8,A0,28,00,22,0C,31,BF,19
6658550,0000012D,FALSE,Tx,0,8,A0,28,00,22,0C,31,CF,09
6680865,00000441,FALSE,Tx,0,8,98,3A,88,13,9D,01,FF,F5
6708594,0000012D,FALSE,Tx,0,8,A0,28,00,22,0C,31,DF,F9
6758756,0000012D,FALSE,Tx,0,8,A0,28,00,22,0C,31,EF,E9
6780859,00000441,FALSE,Tx,0,8,98,3A,88,13,9D,01,FF,F5
6809648,0000012D,FALSE,Tx,0,8,A0,28,00,22,0C,31,FF,D9
6862777,0000012D,FALSE,Tx,0,8,A0,28,00,22,0C,31,0F,C9
6892194,00000441,FALSE,Tx,0,8,98,3A,88,13,9D,01,FF,F5
6914777,0000012D,FALSE,Tx,0,8,A0,28,00,22,0C,31,1F,B9
6964834,0000012D,FALSE,Tx,0,8,A0,28,00,22,0C,31,2F,A9
6992200,00000441,FALSE,Tx,0,8,98,3A,88,13,9D,01,FF,F5
7014706,0000012D,FALSE,Tx,0,8,A0,28,00,22,0C,31,3F,99
7064729,0000012D,FALSE,Tx,0,8,A0,28,00,22,0C,31,4F,89
7092212,00000441,FALSE,Tx,0,8,98,3A,88,13,9D,01,FF,F5
7114869,0000012D,FALSE,Tx,0,8,A0,28,00,22,0C,31,5F,79
7164771,0000012D,FALSE,Tx,0,8,A0,28,00,22,0C,31,6F,69
7192187,00000441,FALSE,Tx,0,8,98,3A,88,13,9D,01,FF,F5
7215799,0000012D,FALSE,Tx,0,8,A0,28,00,22,0C,31,7F,59
7266844,0000012D,FALSE,Tx,0,8,A0,28,00,22,0C,31,8F,49
7292196,00000441,FALSE,Tx,0,8,98,3A,88,13,9D,01,FF,F5
7317553,0000012D,FALSE,Tx,0,8,A0,28,00,22,0C,31,9F,39
7366908,0000012D,FALSE,Tx,0,8,A0,28,00,22,0C,31,AF,29
7392204,00000441,FALSE,Tx,0,8,98,3A,88,13,9D,01,FF,F5
7420075,0000012D,FALSE,Tx,0,8,A0,28,00,22,0C,31,BF,19
7469868,0000012D,FALSE,Tx,0,8,A0,28,00,22,0C,31,CF,09
7492183,00000441,FALSE,Tx,0,8,98,3A,88,13,9D,01,FF,F5
7519912,0000012D,FALSE,Tx,0,8,A0,28,00,22,0C,31,DF,F9
7570074,0000012D,FALSE,Tx,0,8,A0,28,00,22,0C,31,EF,E9
7592177,00000441,FALSE,Tx,0,8,98,3A,88,13,9D,01,FF,F5
7620966,0000012D,FALSE,Tx,0,8,A0,28,00,22,0C,31,FF,D9
7674095,0000012D,FALSE,Tx,0,8,A0,28,00,22,0C,31,0F,C9
7703512,00000441,FALSE,Tx,0,8,98,3A,88,13,9D,01,FF,F5
7726095,0000012D,FALSE,Tx,0,8,A0,28,00,22,0C,31,1F,B9
7776152,0000012D,FALSE,Tx,0,8,A0,28,00,22,0C,31,2F,A9
7803518,00000441,FALSE,Tx,0,8,98,3A,88,13,9D,01,FF,F5
7826024,0000012D,FALSE,Tx,0,8,A0,28,00,22,0C,31,3F,99
7876047,0000012D,FALSE,Tx,0,8,A0,28,00,22,0C,31,4F,89
7903530,00000441,FALSE,Tx,0,8,98,3A,88,13,9D,01,FF,F5
7926187,0000012D,FALSE,Tx,0,8,A0,28,00,22,0C,31,5F,79
7976089,0000012D,FALSE,Tx,0,8,A0,28,00,22,0C,31,6F,69
8003505,00000441,FALSE,Tx,0,8,98,3A,88,13,9D,01,FF,F5
8027117,0000012D,FALSE,Tx,0,8,A0,28,00,22,0C,31,7F,59
8078162,0000012D,FALSE,Tx,0,8,A0,28,00,22,0C,31,8F,49
8103514,00000441,FALSE,Tx,0,8,98,3A,88,13,9D,01,FF,F5
8128871,0000012D,FALSE,Tx,0,8,A0,28,00,22,0C,31,9F,39
8178226,0000012D,FALSE,Tx,0,8,A0,28,00,22,0C,31,AF,29
8203522,00000441,FALSE,Tx,0,8,98,3A,88,13,9D,01,FF,F5
8231393,0000012D,FALSE,Tx,0,8,A0,28,00,22,0C,31,BF,19
8281186,0000012D,FALSE,Tx,0,8,A0,28,00,22,0C,31,CF,09
8303501,00000441,FALSE,Tx,0,8,98,3A,88,13,9D,01,FF,F5
8331230,0000012D,FALSE,Tx,0,8,A0,28,00,22,0C,31,DF,F9
8381392,0000012D,FALSE,Tx,0,8,A0,28,00,22,0C,31,EF,E9
8403495,00000441,FALSE,Tx,0,8,98,3A,88,13,9D,01,FF,F5
8432284,0000012D,FALSE,Tx,0,8,A0,28,00,22,0C,31,FF,D9
8485413,0000012D,FALSE,Tx,0,8,A0,28,00,22,0C,31,0F,C9
8514830,00000441,FALSE,Tx,0,8,98,3A,88,13,9D,01,FF,F5
8537413,0000012D,FALSE,Tx,0,8,A0,28,00,22,0C,31,1F,B9
8587470,0000012D,FALSE,Tx,0,8,A0,28,00,22,0C,31,2F,A9
8614836,00000441,FALSE,Tx,0,8,98,3A,88,13,9D,01,FF,F5
8637342,0000012D,FALSE,Tx,0,8,A0,28,00,22,0C,31,3F,99
8687365,0000012D,FALSE,Tx,0,8,A0,28,00,22,0C,31,4F,89
8714848,00000441,FALSE,Tx,0,8,98,3A,88,13,9D,01,FF,F5
8737505,0000012D,FALSE,Tx,0,8,A0,28,00,22,0C,31,5F,79
8787407,0000012D,FALSE,Tx,0,8,A0,28,00,22,0C,31,6F,69
8814823,00000441,FALSE,Tx,0,8,98,3A,88,13,9D,01,FF,F5
8838435,0000012D,FALSE,Tx,0,8,A0,28,00,22,0C,31,7F,59
8889480,0000012D,FALSE,Tx,0,8,A0,28,00,22,0C,31,8F,49
8914832,00000441,FALSE,Tx,0,8,98,3A,88,13,9D,01,FF,F5
8940189,0000012D,FALSE,Tx,0,8,A0,28,00,22,0C,31,9F,39
8989544,0000012D,FALSE,Tx,0,8,A0,28,00,22,0C,31,AF,29
9014840,00000441,FALSE,Tx,0,8,98,3A,88,13,9D,01,FF,F5
9042711,0000012D,FALSE,Tx,0,8,A0,28,00,22,0C,31,BF,19
9092504,0000012D,FALSE,Tx,0,8,A0,28,00,22,0C,31,CF,09
9114819,00000441,FALSE,Tx,0,8,98,3A,88,13,9D,01,FF,F5
9142548,0000012D,FALSE,Tx,0,8,A0,28,00,22,0C,31,DF,F9
9192710,0000012D,FALSE,Tx,0,8,A0,28,00,22,0C,31,EF,E9
9214813,00000441,FALSE,Tx,0,8,98,3A,88,13,9D,01,FF,F5
9243602,0000012D,FALSE,Tx,0,8,A0,28,00,22,0C,31,FF,D9
9296731,0000012D,FALSE,Tx,0,8,A0,28,00,22,0C,31,0F,C9
9326148,00000441,FALSE,Tx,0,8,98,3A,88,13,9D,01,FF,F5
9348731,0000012D,FALSE,Tx,0,8,A0,28,00,22,0C,31,1F,B9
9398788,0000012D,FALSE,Tx,0,8,A0,28,00,22,0C,31,2F,A9
9426154,00000441,FALSE,Tx,0,8,98,3A,88,13,9D,01,FF,F5
9448660,0000012D,FALSE,Tx,0,8,A0,28,00,22,0C,31,3F,99
9498683,0000012D,FALSE,Tx,0,8,A0,28,00,22,0C,31,4F,89
9526166,00000441,FALSE,Tx,0,8,98,3A,88,13,9D,01,FF,F5
9548823,0000012D,FALSE,Tx,0,8,A0,28,00,22,0C,31,5F,79
9598725,0000012D,FALSE,Tx,0,8,A0,28,00,22,0C,31,6F,69
9626141,00000441,FALSE,Tx,0,8,98,3A,88,13,9D,01,FF,F5
9649753,0000012D,FALSE,Tx,0,8,A0,28,00,22,0C,31,7F,59
9700798,0000012D,FALSE,Tx,0,8,A0,28,00,22,0C,31,8F,49
9726150,00000441,FALSE,Tx,0,8,98,3A,88,13,9D,01,FF,F5
9751507,0000012D,FALSE,Tx,0,8,A0,28,00,22,0C,31,9F,39
9800862,0000012D,FALSE,Tx,0,8,A0,28,00,22,0C,31,AF,29
9826158,00000441,FALSE,Tx,0,8,98,3A,88,13,9D,01,FF,F5
9854029,0000012D,FALSE,Tx,0,8,A0,28,00,22,0C,31,BF,19
9903822,0000012D,FALSE,Tx,0,8,A0,28,00,22,0C,31,CF,09
9926137,00000441,FALSE,Tx,0,8,98,3A,88,13,9D,01,FF,F5
9953866,0000012D,FALSE,Tx,0,8,A0,28,00,22,0C,31,DF,F9
10004028,0000012D,FALSE,Tx,0,8,A0,28,00,22,0C,31,EF,E9
10026131,00000441,FALSE,Tx,0,8,98,3A,88,13,9D,01,FF,F5
10054920,0000012D,FALSE,Tx,0,8,A0,28,00,22,0C,31,FF,D9
10108049,0000012D,FALSE,Tx,0,8,A0,28,00,22,0C,31,0F,C9
10137466,00000441,FALSE,Tx,0,8,98,3A,88,13,9D,01,FF,F5
10160049,0000012D,FALSE,Tx,0,8,A0,28,00,22,0C,31,1F,B9
10210106,0000012D,FALSE,Tx,0,8,A0,28,00,22,0C,31,2F,A9
10237472,00000441,FALSE,Tx,0,8,98,3A,88,13,9D,01,FF,F5
10259978,0000012D,FALSE,Tx,0,8,A0,28,00,22,0C,31,3F,99
10310001,0000012D,FALSE,Tx,0,8,A0,28,00,22,0C,31,4F,89
10337484,00000441,FALSE,Tx,0,8,98,3A,88,13,9D,01,FF,F5
10360141,0000012D,FALSE,Tx,0,8,A0,28,00,22,0C,31,5F,79
10410043,0000012D,FALSE,Tx,0,8,A0,28,00,22,0C,31,6F,69
10437459,00000441,FALSE,Tx,0,8,98,3A,88,13,9D,01,FF,F5
10461071,0000012D,FALSE,Tx,0,8,A0,28,00,22,0C,31,7F,59
10512116,0000012D,FALSE,Tx,0,8,A0,28,00,22,0C,31,8F,49
10537468,00000441,FALSE,Tx,0,8,98,3A,88,13,9D,01,FF,F5
10562825,0000012D,FALSE,Tx,0,8,A0,28,00,22,0C,31,9F,39
10612180,0000012D,FALSE,Tx,0,8,A0,28,00,22,0C,31,AF,29
10637476,00000441,FALSE,Tx,0,8,98,3A,88,13,9D,01,FF,F5
10665347,0000012D,FALSE,Tx,0,8,A0,28,00,22,0C,31,BF,19
10715140,0000012D,FALSE,Tx,0,8,A0,28,00,22,0C,31,CF,09
10737455,00000441,FALSE,Tx,0,8,98,3A,88,13,9D,01,FF,F5
10765184,0000012D,FALSE,Tx,0,8,A0,28,00,22,0C,31,DF,F9
10815346,0000012D,FALSE,Tx,0,8,A0,28,00,22,0C,31,EF,E9
10837449,00000441,FALSE,Tx,0,8,98,3A,88,13,9D,01,FF,F5
10866238,0000012D,FALSE,Tx,0,8,A0,28,00,22,0C,31,FF,D9
10919367,0000012D,FALSE,Tx,0,8,A0,28,00,22,0C,31,0F,C9
10948784,00000441,FALSE,Tx,0,8,98,3A,88,13,9D,01,FF,F5
10971367,0000012D,FALSE,Tx,0,8,A0,28,00,22,0C,31,1F,B9
11021424,0000012D,FALSE,Tx,0,8,A0,28,00,22,0C,31,2F,A9
11048790,00000441,FALSE,Tx,0,8,98,3A,88,13,9D,01,FF,F5
11071296,0000012D,FALSE,Tx,0,8,A0,28,00,22,0C,31,3F,99
11121319,0000012D,FALSE,Tx,0,8,A0,28,00,22,0C,31,4F,89
11148802,00000441,FALSE,Tx,0,8,98,3A,88,13,9D,01,FF,F5
11171459,0000012D,FALSE,Tx,0,8,A0,28,00,22,0C,31,5F,79
11221361,0000012D,FALSE,Tx,0,8,A0,28,00,22,0C,31,6F,69
11248777,00000441,FALSE,Tx,0,8,98,3A,88,13,9D,01,FF,F5
11272389,0000012D,FALSE,Tx,0,8,A0,28,00,22,0C,31,7F,59
11323434,0000012D,FALSE,Tx,0,8,A0,28,00,22,0C,31,8F,49
11348786,00000441,FALSE,Tx,0,8,98,3A,88,13,9D,01,FF,F5
11374143,0000012D,FALSE,Tx,0,8,A0,28,00,22,0C,31,9F,39
11423498,0000012D,FALSE,Tx,0,8,A0,28,00,22,0C,31,AF,29
11448794,00000441,FALSE,Tx,0,8,98,3A,88,13,9D,01,FF,F5
11476665,0000012D,FALSE,Tx,0,8,A0,28,00,22,0C,31,BF,19
11526458,0000012D,FALSE,Tx,0,8,A0,28,00,22,0C,31,CF,09
11548773,00000441,FALSE,Tx,0,8,98,3A,88,13,9D,01,FF,F5
11576502,0000012D,FALSE,Tx,0,8,A0,28,00,22,0C,31,DF,F9
11626664,0000012D,FALSE,Tx,0,8,A0,28,00,22,0C,31,EF,E9
11648767,00000441,FALSE,Tx,0,8,98,3A,88,13,9D,01,FF,F5
11677556,0000012D,FALSE,Tx,0,8,A0,28,00,22,0C,31,FF,D9
11730685,0000012D,FALSE,Tx,0,8,A0,28,00,22,0C,31,0F,C9
11760102,00000441,FALSE,Tx,0,8,98,3A,88,13,9D,01,FF,F5
11782685,0000012D,FALSE,Tx,0,8,A0,28,00,22,0C,31,1F,B9
11832742,0000012D,FALSE,Tx,0,8,A0,28,00,22,0C,31,2F,A9
11860108,00000441,FALSE,Tx,0,8,98,3A,88,13,9D,01,FF,F5
11882614,0000012D,FALSE,Tx,0,8,A0,28,00,22,0C,31,3F,99
11932637,0000012D,FALSE,Tx,0,8,A0,28,00,22,0C,31,4F,89
11960120,00000441,FALSE,Tx,0,8,98,3A,88,13,9D,01,FF,F5
11982777,0000012D,FALSE,Tx,0,8,A0,28,00,22,0C,31,5F,79
12032679,0000012D,FALSE,Tx,0,8,A0,28,00,22,0C,31,6F,69
12060095,00000441,FALSE,Tx,0,8,98,3A,88,13,9D,01,FF,F5
12083707,0000012D,FALSE,Tx,0,8,A0,28,00,22,0C,31,7F,59
12134752,0000012D,FALSE,Tx,0,8,A0,28,00,22,0C,31,8F,49
12160104,00000441,FALSE,Tx,0,8,98,3A,88,13,9D,01,FF,F5
12185461,0000012D,FALSE,Tx,0,8,A0,28,00,22,0C,31,9F,39
12234816,0000012D,FALSE,Tx,0,8,A0,28,00,22,0C,31,AF,29
12260112,00000441,FALSE,Tx,0,8,98,3A,88,13,9D,01,FF,F5
12287983,0000012D,FALSE,Tx,0,8,A0,28,00,22,0C,31,BF,19
12337776,0000012D,FALSE,Tx,0,8,A0,28,00,22,0C,31,CF,09
12360091,00000441,FALSE,Tx,0,8,98,3A,88,13,9D,01,FF,F5
12387820,0000012D,FALSE,Tx,0,8,A0,28,00,22,0C,31,DF,F9
12437982,0000012D,FALSE,Tx,0,8,A0,28,00,22,0C,31,EF,E9
12460085,00000441,FALSE,Tx,0,8,98,3A,88,13,9D,01,FF,F5
12488874,0000012D,FALSE,Tx,0,8,A0,28,00,22,0C,31,FF,D9
12542003,0000012D,FALSE,Tx,0,8,A0,28,00,22,0C,31,0F,C9
12571420,00000441,FALSE,Tx,0,8,98,3A,88,13,9D,01,FF,F5
12594003,0000012D,FALSE,Tx,0,8,A0,28,00,22,0C,31,1F,B9
12644060,0000012D,FALSE,Tx,0,8,A0,28,00,22,0C,31,2F,A9
12671426,00000441,FALSE,Tx,0,8,98,3A,88,13,9D,01,FF,F5
12693932,0000012D,FALSE,Tx,0,8,A0,28,00,22,0C,31,3F,99
12743955,0000012D,FALSE,Tx,0,8,A0,28,00,22,0C,31,4F,89
12771438,00000441,FALSE,Tx,0,8,98,3A,88,13,9D,01,FF,F5
12794095,0000012D,FALSE,Tx,0,8,A0,28,00,22,0C,31,5F,79
12843997,0000012D,FALSE,Tx,0,8,A0,28,00,22,0C,31,6F,69
12871413,00000441,FALSE,Tx,0,8,98,3A,88,13,9D,01,FF,F5
12895025,0000012D,FALSE,Tx,0,8,A0,28,00,22,0C,31,7F,59
12946070,0000012D,FALSE,Tx,0,8,A0,28,00,22,0C,31,8F,49
12971422,00000441,FALSE,Tx,0,8,98,3A,88,13,9D,01,FF,F5
12996779,0000012D,FALSE,Tx,0,8,A0,28,00,22,0C,31,9F,39
13046134,0000012D,FALSE,Tx,0,8,A0,28,00,22,0C,31,AF,29
13071430,00000441,FALSE,Tx,0,8,98,3A,88,13,9D,01,FF,F5
13099301,0000012D,FALSE,Tx,0,8,A0,28,00,22,0C,31,BF,19
13149094,0000012D,FALSE,Tx,0,8,A0,28,00,22,0C,31,CF,09
13171409,00000441,FALSE,Tx,0,8,98,3A,88,13,9D,01,FF,F5
13199138,0000012D,FALSE,Tx,0,8,A0,28,00,22,0C,31,DF,F9
13249300,0000012D,FALSE,Tx,0,8,A0,28,00,22,0C,31,EF,E9
13271403,00000441,FALSE,Tx,0,8,98,3A,88,13,9D,01,FF,F5
13300192,0000012D,FALSE,Tx,0,8,A0,28,00,22,0C,31,FF,D9
13353321,0000012D,FALSE,Tx,0,8,A0,28,00,22,0C,31,0F,C9
13382738,00000441,FALSE,Tx,0,8,98,3A,88,13,9D,01,FF,F5
13405321,0000012D,FALSE,Tx,0,8,A0,28,00,22,0C,31,1F,B9
13455378,0000012D,FALSE,Tx,0,8,A0,28,00,22,0C,31,2F,A9
13482744,00000441,FALSE,Tx,0,8,98,3A,88,13,9D,01,FF,F5
13505250,0000012D,FALSE,Tx,0,8,A0,28,00,22,0C,31,3F,99
13555273,0000012D,FALSE,Tx,0,8,A0,28,00,22,0C,31,4F,89
13582756,00000441,FALSE,Tx,0,8,98,3A,88,13,9E,01,FF,F4
13605413,0000012D,FALSE,Tx,0,8,A0,28,00,22,0C,31,5F,79
13655315,0000012D,FALSE,Tx,0,8,A0,28,00,22,0C,31,6F,69
13682731,00000441,FALSE,Tx,0,8,98,3A,88,13,9D,01,FF,F5
13706343,0000012D,FALSE,Tx,0,8,A0,28,00,22,0C,31,7F,59
13757388,0000012D,FALSE,Tx,0,8,A0,28,00,22,0C,31,8F,49
13782740,00000441,FALSE,Tx,0,8,98,3A,88,13,9E,01,FF,F4
13808097,0000012D,FALSE,Tx,0,8,A0,28,00,22,0C,31,9F,39
13857452,0000012D,FALSE,Tx,0,8,A0,28,00,22,0C,31,AF,29
13882748,00000441,FALSE,Tx,0,8,98,3A,88,13,9E,01,FF,F4
13910619,0000012D,FALSE,Tx,0,8,A0,28,00,22,0C,31,BF,19
13960412,0000012D,FALSE,Tx,0,8,A0,28,00,60,04,31,CF,D3
13982727,00000441,FALSE,Tx,0,8,98,3A,88,13,9E,01,FF,F4
14010456,0000012D,FALSE,Tx,0,8,A0,28,02,60,04,31,DF,C1
14060618,0000012D,FALSE,Tx,0,8,A0,28,02,60,04,31,EF,B1
14082721,00000441,FALSE,Tx,0,8,98,3A,88,13,9E,01,FF,F4
14111510,0000012D,FALSE,Tx,0,8,A0,28,02,60,04,31,FF,A1
14164639,0000012D,FALSE,Tx,0,8,A0,28,02,60,04,31,0F,91
14194056,00000441,FALSE,Tx,0,8,98,3A,88,13,9E,01,FF,F4
14216639,0000012D,FALSE,Tx,0,8,A0,28,02,60,04,31,1F,81
14266696,0000012D,FALSE,Tx,0,8,A0,28,02,60,04,31,2F,71
14294062,00000441,FALSE,Tx,0,8,98,3A,88,13,9E,01,FF,F4
14316568,0000012D,FALSE,Tx,0,8,A0,28,02,60,04,31,3F,61
14366591,0000012D,FALSE,Tx,0,8,A0,28,02,60,04,31,4F,51
14394074,00000441,FALSE,Tx,0,8,98,3A,88,13,9E,01,FF,F4
14416731,0000012D,FALSE,Tx,0,8,A0,28,02,60,04,31,5F,41
14466633,0000012D,FALSE,Tx,0,8,A0,28,02,60,04,31,6F,31
14494049,00000441,FALSE,Tx,0,8,98,3A,88,13,9E,01,FF,F4
14517661,0000012D,FALSE,Tx,0,8,A0,28,02,60,04,31,7F,21
14568706,0000012D,FALSE,Tx,0,8,A0,28,02,60,04,31,8F,11
14594058,00000441,FALSE,Tx,0,8,98,3A,88,13,9E,01,FF,F4
14619415,0000012D,FALSE,Tx,0,8,A0,28,02,60,04,31,9F,01
14668770,0000012D,FALSE,Tx,0,8,A0,28,02,60,04,31,AF,F1
14694066,00000441,FALSE,Tx,0,8,98,3A,88,13,9E,01,FF,F4
14721937,0000012D,FALSE,Tx,0,8,A0,28,02,60,04,31,BF,E1
14771730,0000012D,FALSE,Tx,0,8,A0,28,02,60,04,31,CF,D1
14794045,00000441,FALSE,Tx,0,8,98,3A,88,13,9E,01,FF,F4
14821774,0000012D,FALSE,Tx,0,8,A0,28,02,60,04,31,DF,C1
14871936,0000012D,FALSE,Tx,0,8,A0,28,02,60,04,31,EF,B1
14894039,00000441,FALSE,Tx,0,8,98,3A,88,13,9E,01,FF,F4
14922828,0000012D,FALSE,Tx,0,8,A0,28,02,60,04,31,FF,A1
14975957,00000441,FALSE,Tx,0,8,98,3A,88,13,9E,01,FF,F4
15005374,0000012D,FALSE,Tx,0,8,A0,28,02,60,04,31,0F,91
15027957,0000012D,FALSE,Tx,0,8,A0,28,02,60,04,31,1F,81
15078014,00000441,FALSE,Tx,0,8,98,3A,88,13,9E,01,FF,F4
15105380,0000012D,FALSE,Tx,0,8,A0,28,02,60,04,31,2F,71
15127886,0000012D,FALSE,Tx,0,8,A0,28,02,60,04,31,3F,61
15177909,00000441,FALSE,Tx,0,8,98,3A,88,13,9E,01,FF,F4
15205392,0000012D,FALSE,Tx,0,8,A0,28,02,60,04,31,4F,51
15228049,0000012D,FALSE,Tx,0,8,A0,28,02,60,04,31,5F,41
15277951,00000441,FALSE,Tx,0,8,98,3A,88,13,9E,01,FF,F4
15305367,0000012D,FALSE,Tx,0,8,A0,28,02,60,04,31,6F,31
15328979,0000012D,FALSE,Tx,0,8,A0,28,02,60,04,31,7F,21
15380024,00000441,FALSE,Tx,0,8,98,3A,88,13,9E,01,FF,F4
15405376,0000012D,FALSE,Tx,0,8,A0,28,02,60,04,31,8F,11
15430733,0000012D,FALSE,Tx,0,8,50,18,02,20,04,31,9F,A1
15480088,00000441,FALSE,Tx,0,8,98,3A,88,13,9E,01,FF,F4
15505384,0000012D,FALSE,Tx,0,8,50,18,02,20,04,31,AF,91
15533255,0000012D,FALSE,Tx,0,8,50,18,02,20,04,31,BF,81
15583048,00000441,FALSE,Tx,0,8,98,3A,89,13,9D,01,FF,F4
15605363,0000012D,FALSE,Tx,0,8,50,18,02,20,04,31,CF,71
15633092,0000012D,FALSE,Tx,0,8,50,18,02,20,04,31,DF,61
15683254,00000441,FALSE,Tx,0,8,97,3A,89,13,78,01,FF,1A
15705357,0000012D,FALSE,Tx,0,8,50,18,02,20,04,31,EF,51
15734146,0000012D,FALSE,Tx,0,8,50,18,02,20,04,31,FF,41
15787275,00000441,FALSE,Tx,0,8,97,3A,89,13,50,01,FF,42
15816692,0000012D,FALSE,Tx,0,8,50,18,02,20,04,31,0F,31
15839275,0000012D,FALSE,Tx,0,8,50,18,02,20,04,31,1F,21
15889332,00000441,FALSE,Tx,0,8,98,3A,89,13,27,01,FF,6A
15916698,0000012D,FALSE,Tx,0,8,50,18,02,20,04,31,2F,11
15939204,0000012D,FALSE,Tx,0,8,50,18,02,20,04,31,3F,01
15989227,00000441,FALSE,Tx,0,8,98,3A,89,13,C1,00,FF,D1
16016710,0000012D,FALSE,Tx,0,8,50,18,02,20,04,31,4F,F1
16039367,0000012D,FALSE,Tx,0,8,50,18,02,20,04,31,5F,E1
16089269,00000441,FALSE,Tx,0,8,98,3A,89,13,8B,00,FF,07
16116685,0000012D,FALSE,Tx,0,8,50,18,02,20,04,31,6F,D1
16140297,0000012D,FALSE,Tx,0,8,50,18,02,20,04,31,7F,C1
16191342,00000441,FALSE,Tx,0,8,98,3A,89,13,4F,00,FF,43
16216694,0000012D,FALSE,Tx,0,8,50,18,02,20,04,31,8F,B1
16242051,0000012D,FALSE,Tx,0,8,50,18,02,20,04,31,9F,A1
16291406,00000441,FALSE,Tx,0,8,98,3A,88,13,00,00,FF,93
16316702,0000012D,FALSE,Tx,0,8,50,18,02,20,04,31,AF,91
16344573,0000012D,FALSE,Tx,0,8,50,18,02,20,04,31,BF,81
16394366,00000441,FALSE,Tx,0,8,98,3A,88,13,00,00,FF,93
16416681,0000012D,FALSE,Tx,0,8,50,18,02,20,04,31,CF,71
16444410,0000012D,FALSE,Tx,0,8,50,18,02,20,04,31,DF,61
16494572,00000441,FALSE,Tx,0,8,98,3A,88,13,00,00,FF,93
16516675,0000012D,FALSE,Tx,0,8,50,18,02,20,04,31,EF,51
16545464,0000012D,FALSE,Tx,0,8,50,18,02,20,04,31,FF,41
16598593,00000441,FALSE,Tx,0,8,98,3A,88,13,01,00,FF,92
16628010,0000012D,FALSE,Tx,0,8,50,18,02,20,04,31,0F,31
16650593,0000012D,FALSE,Tx,0,8,50,18,02,20,04,31,1F,21
16700650,00000441,FALSE,Tx,0,8,98,3A,88,13,02,00,FF,91
16728016,0000012D,FALSE,Tx,0,8,50,18,02,20,04,31,2F,11
16750522,0000012D,FALSE,Tx,0,8,50,18,02,20,04,31,3F,01
16800545,00000441,FALSE,Tx,0,8,98,3A,88,13,03,00,FF,90
16828028,0000012D,FALSE,Tx,0,8,50,18,02,20,04,31,4F,F1
16850685,0000012D,FALSE,Tx,0,8,50,18,02,20,04,31,5F,E1
16900587,00000441,FALSE,Tx,0,8,98,3A,88,13,04,00,FF,8F
16928003,0000012D,FALSE,Tx,0,8,50,18,02,20,04,31,6F,D1
16951615,0000012D,FALSE,Tx,0,8,50,18,02,20,04,31,7F,C1
17002660,00000441,FALSE,Tx,0,8,98,3A,88,13,04,00,FF,8F
17028012,0000012D,FALSE,Tx,0,8,50,18,02,20,04,31,8F,B1
17053369,0000012D,FALSE,Tx,0,8,50,18,02,20,04,31,9F,A1
17102724,00000441,FALSE,Tx,0,8,98,3A,88,13,05,00,FF,8E
17128020,0000012D,FALSE,Tx,0,8,50,18,02,20,04,31,AF,91
17155891,0000012D,FALSE,Tx,0,8,50,18,02,20,04,31,BF,81
17205684,00000441,FALSE,Tx,0,8,98,3A,88,13,06,00,FF,8D
17227999,0000012D,FALSE,Tx,0,8,50,18,02,20,04,31,CF,71
17255728,0000012D,FALSE,Tx,0,8,50,18,02,20,04,31,DF,61
17305890,00000441,FALSE,Tx,0,8,98,3A,88,13,06,00,FF,8D
17327993,0000012D,FALSE,Tx,0,8,50,18,02,20,04,31,EF,51
17356782,0000012D,FALSE,Tx,0,8,50,18,02,20,04,31,FF,41
17409911,00000441,FALSE,Tx,0,8,98,3A,88,13,07,00,FF,8C
17439328,0000012D,FALSE,Tx,0,8,50,18,02,20,04,31,0F,31
17461911,0000012D,FALSE,Tx,0,8,50,18,02,20,04,31,1F,21
17511968,00000441,FALSE,Tx,0,8,98,3A,88,13,07,00,FF,8C
17539334,0000012D,FALSE,Tx,0,8,50,18,02,20,04,31,2F,11
17561840,0000012D,FALSE,Tx,0,8,50,18,02,20,04,31,3F,01
17611863,00000441,FALSE,Tx,0,8,98,3A,88,13,08,00,FF,8B
17639346,0000012D,FALSE,Tx,0,8,50,18,02,20,04,31,4F,F1
17662003,0000012D,FALSE,Tx,0,8,50,18,02,20,04,31,5F,E1
17711905,00000441,FALSE,Tx,0,8,98,3A,88,13,08,00,FF,8B
17739321,0000012D,FALSE,Tx,0,8,50,18,02,20,04,31,6F,D1
17762933,0000012D,FALSE,Tx,0,8,50,18,02,20,04,31,7F,C1
17813978,00000441,FALSE,Tx,0,8,98,3A,88,13,09,00,FF,8A
17839330,0000012D,FALSE,Tx,0,8,50,18,02,20,04,31,8F,B1
17864687,0000012D,FALSE,Tx,0,8,50,18,02,20,04,31,9F,A1
17914042,00000441,FALSE,Tx,0,8,98,3A,88,13,09,00,FF,8A
17939338,0000012D,FALSE,Tx,0,8,50,18,02,20,04,31,AF,91
17967209,0000012D,FALSE,Tx,0,8,50,14,02,20,04,31,BF,85
18017002,00000441,FALSE,Tx,0,8,98,3A,88,13,0A,00,FF,89
18039317,0000012D,FALSE,Tx,0,8,50,14,02,10,04,31,CF,85
18067046,0000012D,FALSE,Tx,0,8,50,14,02,10,04,31,DF,75
18117208,00000441,FALSE,Tx,0,8,98,3A,88,13,0A,00,FF,89
